Workbook

Sheet Allgemeine Angaben
B1: Ausbildungsoffensive: Berichtsformular Ausbildungskapazitäten und -leistung Spitäler; GA Schaffhausen, rev. Dez.2024
B3: Einrichtung | C3: bitte auswählen
B4: Berichtszeitraum (Kalenderjahr) | C4: bitte auswählen
B5: Einreichungsfrist: | C5: jährlich 31. März
B7: Beiarbeitungshinweise:
B8: 1. Bitte Name der Einrichtung und Berichtszeitraum im Dropdown-Menü oben ausfüllen.
B9: 2. Bitte Tabellenblatt "Pflegefachpersonen FH-HF" ausfüllen (grüne, orange, rote Felder)
B10: 3. Bitte Tabellenblatt "Sekundarstufe" ausfüllen
B13: Rechtsgrundlagen der Erhebung:
B14: Einführungsgesetz zum Bundesgesetz über die Förderung der Ausbildung im Bereich der Pflege vom 1. Juli 2024 (EG FAP; SHR 811.100), insbesondere Art. 3, 4 und 9 EG FAP.
B15: Verordnung zum Einführungsgesetz zum Bundesgesetz über die Förderung der Ausbildung im Bereich der Pflege vom 27. August 2024 (VEG FAP; SHR 811.111), insbesondere §11 VEG FAP
B16: Altersbetreuungs- und Pflegegesetz vom 2. Juli 2007 (AbPG; SHR 813.500), insbesondere Art. 8 AbPG
B17: Spitalgesetz vom 22. November 2004 (SHR 813.100), insbesondere Art. 5 Spitalgesetz
B18: Bundesgesetz über die Krankenversicherung vom 18. März 1994 (KVG; SR 832.10), insbesondere Art. 36a Abs. 3 KVG und Art. 39 Abs. 1bis KVG

Sheet Pflege FH-HF
B1: Ausbildungsoffensive: Berichtsformular Ausbildungskapazitäten und -leistung Spitäler; GA Schaffhausen, rev. Dez.2024
B3: Einrichtung | C3: ='Allgemeine Angaben'!C3 -> bitte auswählen
B4: Berichtszeitraum (Kalenderjahr) | C4: ='Allgemeine Angaben'!C4 -> bitte auswählen
B5: Einreichungsfrist: | C5: jährlich 31. März
B7: Auszufüllen sind nur die farbigen Felder (grün, orange, rot; violett bedarfsweise). Kommentare jeweils unten nach Bedarf. Weitere Erläuterungen siehe Fussnoten und Beispiel unten.
B9: Personalbestand Pflegefachpersonen FH/HF oder gleichwertig1) | I9: Ausbildungsverträge Pflegefachpersonen Höhere Fachschule | O9: Ausbildungsleistung Pflegefachpersonen Höhere Fachschule | W9: Praktikumsverträge Pflegefachpersonen Fachhochschule | AC9: Ausbildungsleistung Pflegefachpersonen Fachhochschule | AK9: Ausbildungsleistung Pflegefachpersonen FH/HF gesamt | AQ9: Gesuch um Verzicht auf die Erhebung einer Ersatzabgabe
B11: Anzahl VZÄ3) Pflege FH/HF insgesamt | C11: VZÄ Pflege FH/HF ohne Pflegeaufgaben | D11: Funktion | E11: VZÄ für sonstige Lernbegleitung (tertiär) | F11: Bildungsgang der Lernbegleitung | G11: Ist-Wert VZÄ | I11: Anzahl beginnende Ausbildungsverträge Pflege HF regulär (3-jährig) | J11: Anzahl beginnende Ausbildungsverträge Pflege HF verkürzt (2-jährig) | K11: Anzahl abgebrochene oder nicht angetretene Ausbildungsverträge | L11: Anzahl geplante Praktikumswochen nach Abbruch oder Nichtantritt | M11: Name der Einrichtung | O11: Anzahl selbst erbrachte praktische Ausbildungswochen | P11: Anzahl für andere erbrachte praktische Ausbildungswochen | Q11: Name der Einrichtung, für die die Ausbildungsleistung erbracht wurde | R11: Summe in der Einrichtung erbrachte praktische Ausbildungswochen | S11: Anzahl durch andere erbrachte praktische Ausbildungwochen | T11: Name der erbringenden Einrichtung | U11: Erfüllung der Ausbildungsvorgabe | W11: Anzahl beginnende Praktikumsvereinbarungen Pflege FH | X11: Anzahl abgebrochene oder nicht angetretene Praktika FH | Y11: Anzahl abgebrochene oder nicht angetretene Ausbildungsverträge | Z11: Anzahl geplante Praktikumswochen nach Abbruch oder Nichtantritt | AA11: Name der Einrichtung | AC11: Anzahl selbst erbrachte praktische Ausbildungswochen | AD11: Anzahl für andere erbrachte praktische Ausbildungswochen | AE11: Name der Einrichtung, für die die Ausbuiildungsleistung erbracht wurde | AF11: Summe in der Einrichtung erbrachte praktische Ausbildungswochen | AG11: Anzahl durch andere erbrachte praktische Ausbildungwochen | AH11: Name der erbringenden Einrichtung | AI11: Erfüllung der Ausbildungsvorgabe | AK11: Ausbildungswochen in der Einrichtung gesamt | AL11: …davon Ausbildungswochen für die eigene Einrichtung | AM11: …davon Ausbildungswochen für andere Einrichtungen | AN11: Ausbildungswochen durch andere | AO11: Ausbildungsleistung zur Erfüllung des Vorgabewertes | AQ11: Anzahl untererfüllter Wochen, für die keine Ersatzabgabe erhoben werden soll. | AR11: Begründung der Ausnahme
A12: Erläuterung | B12: Summe aller VZÄ von allen Mitarbeitenden (Gesamtpensum laut Arbeitsvertrag) mit Abschluss als Pflegefachfrau /-mann HF oder FH bzw. gleichgestelltem Bildungsabschluss nach Art. 8 GesBAV4), einschliesslich Pflegefachpersonen mit zusätzlichen Weiterbildungen (z.B. FA Ausbilder), Pflegedienstleitungen, Verwaltungspersonal mit entsprechendem Bildungsabschluss, besetze Poolstellen etc. | C12: Anzahl aller VZÄ derjenigen Mitarbeitenden aus Feld B14, die nicht in der Pflege und Betreuung tätig sind und nicht zur Erfüllung von (Mindest-)Stellenplänen für Pflege und Betreuung angerechnet werden.5) | D12: Angabe der jeweiligen Funktionsbereiche aus Spalte C. | E12: Summe der VZÄ von Mitarbeitenden aus Feld B14, die für die praktische Lernbegleitung in anderen Bildungsgängen auf der Tertiärstufe eingesetzt werden.6) | F12: Bezeichung der Bildungsgänge aus Spalte E. | G12: Berechnungsfaktor zur Ermittlung der künftigen Ausbildungsverpflichtung. | I12: Start im Berichtsjahr. | J12: Start im Berichtsjahr. | K12: Abbruch oder Nichtantritt im Berichtsjahr. | L12: Wenn zutreffend: Anzahl der aufgrund eines Studienabbruchs oder Nichtantritts von der Einrichtung nicht erbrachten Ausbildungswochen im Sinne der Ausbildungsverpflichtung. Eintragung gilt als Gesuch um Verzicht auf die Erhebung einer allfälligen Ersatzabgabe gemäss §13 Abs. 3 VEG FAP. | M12: Name der Einrichtung, bei der der Vertrag aus Spalte L bestanden hat. | O12: Anzahl selbst erbrachte Ausbildungswochen im Berichtsjahr, die zwecks Erfüllung der Ausbildungsvorgaben der eigenen Einrichtung zugeordnet werden sollen. Der schulische Teil ist nicht einzuberechnen. | P12: Anzahl der Ausbildungswochen im Berichtsjahr, die für eine andere Einrichtung erbracht wurden (z.B. als bezahlte Dienstleistung oder im Studierendenaustausch) und zwecks Erfüllung der Ausbildungsvorgabe dieser anderen Einrichtung zugeordnet werden sollen. Der schulische Teil ist nicht einzuberechnen. | Q12: Abnehmende Einrichtung aus Spalte P. | R12: Summe der Ausbildungsleistung innerhalb der eigenen Einrichtung. | S12: Anzahl der Ausbildungswochen in anderen Einrichtungen, die zwecks Erfüllung der Ausbildungsvorgaben im Berichtsjahr der eigenen Einrichtung zugeordnet werden sollen. Der schulische Teil ist nicht einzuberechnen. | T12: Erbringende Einrichtung aus Spalte S. | U12: Summe Eigen- + Fremderbringung | W12: Start im Berichtsjahr. | X12: Start im Berichtsjahr. | Y12: Abbruch oder Nichtantritt im Berichtsjahr. | Z12: Wenn zutreffend: Anzahl der aufgrund eines Studienabbruchs oder Nichtantritts von der Einrichtung nicht erbrachten Ausbildungswochen im Sinne der Ausbildungsverpflichtung. Eintragung gilt als Gesuch um Verzicht auf die Erhebung einer allfälligen Ersatzabgabe gemäss §13 Abs. 3 VEG FAP. | AA12: Name der Einrichtung, bei der der Vertrag aus Spalte Z bestanden hat. | AC12: Anzahl selbst erbrachte Ausbildungswochen im Berichtsjahr, die zwecks Erfüllung der Ausbildungsvorgaben der eigenen Einrichtung zugeordnet werden sollen. Der schulische Teil ist nicht einzuberechnen. | AD12: Anzahl der Ausbildungswochen im Berichtsjahr, die für eine andere Einrichtung erbracht wurden (z.B. als bezahlte Dienstleistung oder im Studierendenaustausch) und zwecks Erfüllung der Ausbildungsvorgabe dieser anderen Einrichtung zugeordnet werden sollen. Der schulische Teil ist nicht einzuberechnen. | AE12: Abnehmende Einrichtung aus Spalte P. | AF12: Summe der Ausbildungsleistung innerhalb der eigenen Einrichtung. | AG12: Anzahl der Ausbildungswochen in anderen Einrichtungen, die zwecks Erfüllung der Ausbildungsvorgaben im Berichtsjahr der eigenen Einrichtung zugeordnet werden sollen. Der schulische Teil ist nicht einzuberechnen. | AH12: Erbringende Einrichtung aus Spalte AG. | AI12: Summe Eigen- + Fremderbringung | AK12: Summe Pflege FH und HF | AL12: Summe Pflege FH und HF | AM12: Summe Pflege FH und HF | AN12: Summe Pflege FH und HF | AO12: Summe Pflege FH und HF | AQ12: Eintragung gilt als Gesuch um Verzicht auf die Erhebung einer allfälligen Ersatzabgabe gemäss §13 Abs. 3 VEG FAP. Nicht anzugeben ist die Anzahl Wochen, die aufgrund eines Studienabbruchs oder aufgrund von Nichtantritt der Stelle seitens der/des Studierenden nicht erbracht wurden. | AR12: Angabe des besonderen Umstands, der zur Untererfüllung führt. Branchenübliche Rekruiterungsbemühungen, geringe Ausbildungslöhne oder Aufbauarbeit zur Ausbildungsfähigkeit gelten nicht als begründeter Fall im Sinne von §13 Abs. 1 VEG FAP. Nachweise sind separat mitzuliefern.
A13: Anleitung zur Eintragung | B13: Kaufmännische Rundung auf eine Nachkommastelle. | C13: Kaufmännische Rundung auf eine Nachkommastelle. Bei mehreren Funktionsbereichen bitte jeweils eigene Zeilen für die jeweiligen VZÄ verwenden. | D13: Texteingabe | E13: Kaufmännische Rundung auf eine Nachkommastelle. Bei mehreren Ausbildungen bitte jeweils eigene Zeilen für die jeweiligen VZÄ verwenden | F13: Texteingabe | G13: Wird automatisch berechnet. | I13: Bei Ausbildungsleistung im Verbund trägt nur die Einrichtung ein, mit der der Ausbildungsvertrag der/des Studierenden besteht; ansonsten "0" eintragen. | J13: Bei Ausbildungsleistung im Verbund trägt nur die Einrichtung ein, mit der der Ausbildungsvertrag der/des Studierenden besteht; ansonsten "0" eintragen. | K13: Bei Ausbildungsleistung im Verbund trägt nur die Einrichtung ein, mit der der Ausbildungsvertrag der/des Studierenden besteht; ansonsten "0" eintragen. | L13: Eintragung durch jede Einrichtung, der im Ausbildungskonzept für diese/n Studierende/n praktische Ausbildungswochen zugeordnet sind und die aufgrund des Abbruchs Ausbildungsvorgaben (z.T.) nicht erfüllen kann. Bei mehreren Verträgen bitte jeweils eigene Zeilen verwenden. Kaufmännische Rundung auf volle Wochen. | M13: Texteingabe | O13: Kaufmännische Rundung auf volle Wochen. | P13: Kaufmännische Rundung auf volle Wochen. | Q13: Texteingabe. Bei mehreren Einrichtungen bitte jeweils eigene Zeilen verwenden. | R13: Wird automatisch berechnet. | S13: Kaufmännische Rundung auf volle Wochen. | T13: Texteingabe. Bei mehreren Einrichtungen bitte jeweils eigene Zeilen verwenden. | U13: Wird automatisch berechnet. | W13: Bei Ausbildungsleistung im Verbund trägt nur die Einrichtung ein, mit der der Ausbildungsvertrag der/des Studierenden besteht; ansonsten "0" eintragen. | X13: Bei Ausbildungsleistung im Verbund trägt nur die Einrichtung ein, mit der der Ausbildungsvertrag der/des Studierenden besteht; ansonsten "0" eintragen. | Y13: Bei Ausbildungsleistung im Verbund trägt nur die Einrichtung ein, mit der der Ausbildungsvertrag der/des Studierenden besteht; ansonsten "0" eintragen. | Z13: Eintragung durch jede Einrichtung, der im Ausbildungskonzept für diese/n Studierende/n praktische Ausbildungswochen zugeordnet sind und die aufgrund des Abbruchs Ausbildungsvorgaben (z.T.) nicht erfüllen kann. Bei mehreren Verträgen bitte jeweils eigene Zeilen verwenden. Kaufmännische Rundung auf volle Wochen. | AA13: Texteingabe | AC13: Kaufmännische Rundung auf volle Wochen. | AD13: Kaufmännische Rundung auf volle Wochen. | AE13: Texteingabe. Bei mehreren Einrichtungen bitte jeweils eigene Zeilen verwenden. | AF13: Wird automatisch berechnet. | AG13: Kaufmännische Rundung auf volle Wochen. | AH13: Texteingabe. Bei mehreren Einrichtungen bitte jeweils eigene Zeilen verwenden. | AI13: Wird automatisch berechnet. | AK13: Wird automatisch berechnet. | AL13: Wird automatisch berechnet. | AM13: Wird automatisch berechnet. | AN13: Wird automatisch berechnet. | AO13: Wird automatisch berechnet. | AQ13: Bei mehreren Ursachen bitte jeweils eigene Zeilen verwenden, entsprechend der Zuordnung zur Spalte AR. Kaufmännische Rundung auf volle Wochen. | AR13: Textgeingabe. Bei mehreren Gründen bitte jeweils eigene Spalten verwenden. jeweils mit Zuordnung der Anzahl untererfüllter Wochen zu Spalte AQ.
A14: ='Allgemeine Angaben'!C3 -> bitte auswählen | G14: =B14-(SUM(C14:C27))-(SUM(E14:E27)) -> 0 | R14: =O14+(SUM(P14:P27)) -> 0 | U14: =O14+(SUM(S14:S27)) -> 0 | AF14: =AC14+(SUM(AD14:AD27)) -> 0 | AI14: =AC14+(SUM(AG14:AG27)) -> 0 | AK14: =R14+AF14 -> 0 | AL14: =O14+AC14 -> 0 | AM14: =(SUM(P14:P27))+(SUM(AD14:AD27)) -> 0 | AN14: =(SUM(S14:S27))+(SUM(AG14:AG27)) -> 0 | AO14: =U14+AI14 -> 0
B28: Kommentar Personalbestand | I28: Kommentar Ausbildungsverträge HF | O28: Kommentar Ausbildungsleistung HF | W28: Kommentar Ausbildungsleistung FH | AC28: Kommentar Ausbildungsleistung Pflege FH | AK28: Kommentar Allgemeine Bemerkungen | AQ28: Kommentar Gesuch
B31: Fussnoten
B32: 1) Pflegefachpersonen FH oder HF gemäss Art. 1 Abs. 2 EG FAP i.V.m. Art. 29 Berufsbildungsgesetz (BBG) bzw. Art. 2 Abs. 2 a Ziff 1 Gesundheitsberufegesetz bzw. nach Art. 8 Gesundheitsberufeanerkennungsverordnung gleichgesetellte Berufe (siehe auch Tabellenblatt "Erläuterungen"). Es sind sämtliche Beschäftige unabhängig von der Funktion anzugeben.
B33: 2) Für 2023 gilt der Stichtag 31.12.; in Folgejahren gelten die effektiv im Berichtszeitraum besetzten Stellenprozente
B34: 3) VZÄ = Vollzeitäquivalente
B35: 4) siehe Tabellenblatt "Erläuterungen"
B36: 5) Anzugeben sind hier die VZÄ von Personen, die keine Pflege- und Betreuungsaufgabe wahrnehmen. Folglich sind das Personen, die im Stellenplan auch nicht als Personal für Pflege und Betreuung einberechnet werden. Wenn z.B. eine PDL zur Erfüllung des Mindeststellenplans eingerechnet wird und/oder diese am Bett tätig ist, ist diese in der Ausbildungsoffensive nicht vom Personalbestand in Spalte B abzugsfähig und hier entsprechend nicht anzugeben. Ist eine Pflegefachperson ausschliesslich in der Verwaltung oder koordinierend tätig (folglich werden hier auch keine KLV-Std. abgerechnet), sind deren Stellenprozente hier anzugeben. Explizit nicht abzugsfähig und daher nicht hier anzugeben sind die Stellenprozente von Pflegefachpersonen, die eine berufspädagogische Qualifikation (wie das SVEB) erst noch erwerben müssen, die "nicht ausbilden möchten" und/oder die Teilprozente für Betreuungsaufgaben einsetzen. Es ist Aufgabe der Betriebe, die Ausbildungskapazitäten zur Erfüllung der Lehrpläne der Bildungsinstitutionen aufzubauen.
B37: 6) Hierzu zählen nur Stellenprozente von Personen, die im Umfang vergleichbare Ausbildungsleistungen auf der gleichen Bildungsstufe erbringen. "In vergleichbarem Umfang" bezieht sich auf die praktische Lernbegleitung durch die Ausbildner (z.B. Lernbegleitung für Nachdiplomstudiengänge AIN im Spital). Die Ausbildung FA Langzeitpflege und -betreuung ist mit Blick auf den Umfang der praktischen Lernbegleitung nicht vergleichbar.
B39: Beispiel
B41: Anzahl VZÄ3) Pflege FH/HF insgesamt | C41: VZÄ Pflege FH/HF ohne Pflegeaufgaben | D41: Funktion | E41: Abzugsfähige VZÄ (sonstige Lernbegleitung) | F41: Bildungsgang der Lernbegleitung | G41: Ausbildungskapazitäten | I41: Anzahl beginnende Ausbildungsverträge Pflege HF regulär (3-jährig) | J41: Anzahl beginnende Ausbildungsverträge Pflege HF verkürzt (2-jährig) | K41: Anzahl abgebrochene oder nicht angetretene Ausbildungsverträge | L41: Anzahl geplante Praktikumswochen nach Abbruch oder Nichtantritt | M41: Name der Einrichtung | O41: Anzahl selbst erbrachte praktische Ausbildungswochen | P41: Anzahl für andere erbrachte praktische Ausbildungswochen | Q41: Name der Einrichtung, für die die Ausbildungsleistung erbracht wurde | R41: Summe in der Einrichtung erbrachte praktische Ausbildungswochen | S41: Anzahl durch andere erbrachte praktische Ausbildungwochen | T41: Name der erbringenden Einrichtung | U41: Erfüllung der Ausbildungsvorgabe | W41: Anzahl beginnende Praktikumsvereinbarungen Pflege FH | X41: Anzahl abgebrochene oder nicht angetretene Praktika FH | Y41: Anzahl abgebrochene oder nicht angetretene Ausbildungsverträge | Z41: Anzahl geplante Praktikumswochen nach Abbruch oder Nichtantritt | AA41: Name der Einrichtung | AC41: Anzahl selbst erbrachte praktische Ausbildungswochen | AD41: Anzahl für andere erbrachte praktische Ausbildungswochen | AE41: Name der Einrichtung, für die die Ausbuiildungsleistung erbracht wurde | AF41: Summe in der Einrichtung erbrachte praktische Ausbildungswochen | AG41: Anzahl durch andere erbrachte praktische Ausbildungwochen | AH41: Name der erbringenden Einrichtung | AI41: Erfüllung der Ausbildungsvorgabe | AK41: Ausbildungswochen in der Einrichtung gesamt | AL41: …davon Ausbildungswochen für die eigene Einrichtung | AM41: …davon Ausbildungswochen für andere Einrichtungen | AN41: Ausbildungswochen durch andere | AO41: Ausbildungsleistung zur Erfüllung des Vorgabewertes
A42: Beispieleinrichtung | B42: 9.3 | C42: 1.4 | D42: nur Verwaltung | E42: 0.2 | F42: B.Sc. Soziale Arbeit | G42: 7 | I42: 2 | J42: 0 | K42: 1 | L42: 24 | M42: Eigene Einrichtung | O42: 24 | P42: 8 | Q42: Spitex ABC | R42: 38 | S42: 17 | T42: Spital ABC | U42: 47 | W42: 0 | X42: 0 | Y42: 0 | Z42: 0 | AA42: nicht zutreffend | AC42: 14 | AD42: 14 | AE42: Spitex DEF | AF42: 36 | AG42: 15 | AI42: 29 | AK42: 74 | AL42: 38 | AM42: 36 | AN42: 38 | AO42: 76
C43: 0.6 | D43: nur Institutsleitung | E43: 0.1 | F43: NDS IP | L43: 6 | M43: Pflegeheim DEF | P43: 6 | Q43: Pflegeheim ABC | S43: 6 | T43: Pflegeheim ABC | AD43: 8 | AE43: Spitex GHI

Sheet Sekundarstufe
A1: Ausbildungsoffensive: Berichtsformular Ausbildungskapazitäten und -leistung Spitäler; GA Schaffhausen, rev. Dez.2024
A3: Einrichtung | B3: ='Allgemeine Angaben'!C3 -> bitte auswählen
A4: Berichtszeitraum (Kalenderjahr) | B4: ='Allgemeine Angaben'!C4 -> bitte auswählen
A5: Einreichungsfrist: | B5: jährlich 31. März
B7: Auszufüllen sind nur die farbigen Felder (grün, orange, rot). Kommentare jeweils unten nach Bedarf. Bitte für alle Berufsgruppen in den Zeilen 14-16 ausfüllen.
B9: Personalbestand Sekundarstufe | E9: Ausbildungsleistung Sekundarstufe
B11: Beschäftigte VZÄ1) im Berichtsjahr2) | E11: Abgeschlossene Ausbildungsverträge | F11: Lernende im Betrieb | J11: Anzahl Abschlüsse | K11: ... davon mit Anschlussbeschäftigung in der eigenen Einrichtung | L11: … davon mit anschliessendem Studium Pflege FH/HF | M11: Abgebrochende Ausbildungen | Q11: Grund des Abbruchs
A12: Erläuterung | B12: Summe der VZÄ aller Mitarbeitenden mit den jeweiligen Berufsabschlüssen. Kaufmännische Rundung auf eine Nachkommastelle. | E12: Anzahl im Berichtsjahr neu abgeschlossenen Ausbildungsverträge mit Start im Folgejahr | F12: Anzahl der im Berichtsjahr begonnenen bzw. laufenden Ausbildungen nach Lehrjahr | J12: Anzahl der mit Berufsabschluss im Berichtsjahr beendeten Ausbildungen | K12: Anzahl der Absolventinnen und Absolventen aus Spalte J, die eine Folgeanstellung erhalten haben | L12: Anzahl der Absolventinnen und Absolventen aus Spalte J, die im Anschluss ein Studium Pflege FH/HF begonnen haben. | M12: Anzahl der im Berichtsjahr abgebrochenen Ausbildungen nach Lehrjahr | Q12: Bitte angeben, aus welchen Gründen die Zusammenarbeit beendet wurde. Texteingabe.
F13: 1. Lehrjahr | G13: 2. Lehrjahr | H13: 3. Lehrjahr | I13: Gesamt | M13: 1. Lehrjahr | N13: 2. Lehrjahr | O13: 3. Lehrjahr | P13: Gesamt
A14: Assistent/in Gesundheit und Soziales EBA | I14: =SUM(F14:H14) -> 0 | P14: =SUM(M14:O14) -> 0
A15: Fachfrau/Fachmann Betreuung EFZ | I15: =SUM(F15:H15) -> 0 | P15: =SUM(M15:O15) -> 0
A16: Fachfrau/Fachmann Gesundheit EFZ | I16: =SUM(F16:H16) -> 0 | P16: =SUM(M16:O16) -> 0
B17: Kommentar Beschäftigte | E17: Kommentar Ausbildungsleistung
B22: 1) VZÄ = Vollzeitäquivalente
B23: 2) Für 2023 gilt der Stichtag 31.12.; in Folgejahren gelten die effektiv im Berichtszeitraum besetzten Stellenprozente

Sheet Erläuterungen
A2: Auszug GesBAV (Verordnung über die Anerkennung ausländischer und die Gleichstellung inländischer Bildungsabschlüsse nach bisherigem Recht in den Gesundheitsberufen nach dem GesBG vom 13. Dezmber 2019; SR 811.214)

Sheet Hintergrunddaten
D3: Spital | E3: Kalenderjahr
D4: bitte auswählen | E4: bitte auswählen
D5: SSH | E5: 2023
D6: Belair | E6: 2024
E7: 2026
E8: 2027
E9: 2028
E10: 2029
E11: 2030
E12: 2031
E13: 2032
